Date,Day,Time_HST,TimeStamp,NS02_depth,NS02_latitude,NS02_longitude,NS02_temperature.C,NS02_conductivity.S.m,NS02_salinity.PSU,NS02_chlorophyll.volts,NS02_chlorophyll.ug.l,NS02_turbidity.volts,NS02_turbidity.NTU,FLNTU_Turbidity.raw,FLNTU_Chlorophyll.raw,FLNTU_fDOM_ppb,FLNTU_fDOM_raw,Survey_Temperature,Survey_Conductivity,Survey_Salinity,Survey_Turbidity_NTU,Survey_Chlorophyll_ug.l,Survey_O2Saturation,Survey_O2_mg.l,Month,Site,Survey_latitude,Survey_longitude,Survey_distance_m,Survey_depth_m,Survey_depth_bin
10/21/18 10:23,10/21/18,10:23:00,1540153380,1,21.2864,-157.8427,27.54955,5.15506425,32.050075,0.223475,1.56475,0.13675,2.72337625,0.134317997,0.292544655,1.031192828,60.31935047,26.8125,30.9885,18.5045,2.2753,1.0164,72.212,5.769472,October,3,21.28780631,-157.8406733,3018.186657,0.3985982,0.25-0.5 m
10/21/18 10:24,10/21/18,10:24:00,1540153440,1,21.2864,-157.8427,27.555,5.158254,32.0686,0.228,1.61,0.137,2.728355,0.134239996,0.292392364,1.030646897,60.31335782,27.1915,53.195,33.4555,2.6901,1.9723,74.818,5.938368,October,3,21.28773073,-157.8407274,3025.211132,1.97517155,1.75-2 m
10/21/18 10:25,10/21/18,10:25:00,1540153500,1,21.2864,-157.8427,27.55715,5.16340475,32.10305,0.227975,1.60975,0.141525,2.818470375,0.134161995,0.292240073,1.030100967,60.30736517,27.5085,53.504,33.446,1.8666,1.7908,86.09,6.788,October,3,21.28777272,-157.8406733,3018.845455,2.173226275,2-2.25 m
10/21/18 10:26,10/21/18,10:26:00,1540153560,1,21.2864,-157.8427,27.5593,5.1685555,32.1375,0.22795,1.6095,0.14605,2.90858575,0.134083994,0.292087783,1.029555036,60.30137251,27.517,53.46,33.409,1.8666,1.8755,NA,NA,October,3,21.28776432,-157.8407093,3022.686571,2.193036725,2-2.25 m
10/21/18 10:27,10/21/18,10:27:00,1540153620,1,21.2864,-157.8427,27.56145,5.17370625,32.17195,0.227925,1.60925,0.150575,2.998701125,0.134005993,0.291935492,1.029009105,60.29537986,27.519,53.4075,33.371,NA,NA,84.321,6.648224,October,3,21.28778951,-157.8406643,3017.594865,2.20413655,2-2.25 m
10/21/18 10:28,10/21/18,10:28:00,1540153680,1,21.2864,-157.8427,27.5636,5.178857,32.2064,0.2279,1.609,0.1551,3.0888165,0.133927991,0.291783201,1.028463174,60.2893872,27.521,53.438,33.391,NA,NA,84.095,6.630368,October,3,21.28776852,-157.8406913,3020.766002,2.201100275,2-2.25 m
10/21/18 10:29,10/21/18,10:29:00,1540153740,1,21.2864,-157.8427,27.557675,5.17160475,32.159875,0.226975,1.59975,0.154475,3.076369625,0.13384999,0.29163091,1.027917243,60.28339455,27.3985,49.3785,30.639,NA,NA,NA,NA,October,3,21.28776432,-157.8407093,3022.686571,0.74911375,0.5-0.75 m
10/21/18 10:30,10/21/18,10:30:00,1540153800,1,21.2864,-157.8427,27.55175,5.1643525,32.11335,0.22605,1.5905,0.15385,3.06392275,0.133771989,0.29147862,1.027371313,60.27740189,NA,NA,NA,NA,NA,71.811,5.725888,October,3,21.28778951,-157.8406282,3013.909468,0.5102933,0.5-0.75 m
10/21/18 10:31,10/21/18,10:31:00,1540153860,1,21.2864,-157.8427,27.545825,5.15710025,32.066825,0.225125,1.58125,0.153225,3.051475875,0.133693988,0.291326329,1.026825382,60.27140924,27,31.369,18.68,2.2387,0.968,71.065,5.655584,October,3,21.28778112,-157.8407093,3022.354012,0.27704765,0.25-0.5 m
10/21/18 10:32,10/21/18,10:32:00,1540153920,1,21.2864,-157.8427,27.5399,5.149848,32.0203,0.2242,1.572,0.1526,3.039029,0.133615987,0.291174038,1.026279451,60.26541659,26.912,31.804,19.001,NA,NA,71.831,5.726368,October,3,21.28776432,-157.8406643,3018.094953,0.50282705,0.5-0.75 m
10/21/18 10:33,10/21/18,10:33:00,1540153980,1,21.2864,-157.8427,27.534625,5.138831,31.947075,0.2212,1.542,0.151425,3.015628875,0.133537986,0.291021748,1.02573352,60.25942393,26.966,34.611,20.835,2.1716,1.0769,NA,NA,October,3,21.28778951,-157.8406823,3019.432691,0.50123425,0.5-0.75 m
10/21/18 10:34,10/21/18,10:34:00,1540154040,1,21.2864,-157.8427,27.52935,5.127814,31.87385,0.2182,1.512,0.15025,2.99222875,0.133459985,0.290869457,1.025187589,60.25343128,27.036,38.839,23.632,2.1411,1.1011,70.563,5.614112,October,3,21.28779371,-157.8405922,3010.151706,0.545782875,0.5-0.75 m
10/21/18 10:35,10/21/18,10:35:00,1540154100,1,21.2864,-157.8427,27.524075,5.116797,31.800625,0.2152,1.482,0.149075,2.968828625,0.133381983,0.290717166,1.024641659,60.24743862,26.967,31.221,18.596,2.196,0.9438,71.976,5.73248,October,3,21.28777272,-157.8406192,3013.325075,0.20656625,0-0.25 m
10/21/18 10:36,10/21/18,10:36:00,1540154160,1,21.2864,-157.8427,27.5188,5.10578,31.7274,0.2122,1.452,0.1479,2.9454285,0.133303982,0.290564875,1.024095728,60.24144597,26.982,31.539,18.799,2.2082,0.9075,NA,NA,October,3,21.28777272,-157.8406372,3015.16164,0.1622665,0-0.25 m
10/21/18 10:37,10/21/18,10:37:00,1540154220,1,21.2864,-157.8427,27.519225,5.099677,31.6846,0.21615,1.4915,0.1467,2.9215305,0.133225981,0.290412585,1.023549797,60.23545332,26.959,31.337,18.675,2.2326,0.9559,73.058,5.820352,October,3,21.28780631,-157.8405922,3009.903927,0.1680404,0-0.25 m
10/21/18 10:38,10/21/18,10:38:00,1540154280,1,21.2864,-157.8427,27.51965,5.093574,31.6418,0.2201,1.531,0.1455,2.8976325,0.13314798,0.290260294,1.023003866,60.22946066,27.019,31.422,18.707,2.1777,0.9922,72.476,5.766816,October,3,21.28782311,-157.8406372,3014.175398,0.17769675,0-0.25 m
10/21/18 10:39,10/21/18,10:39:00,1540154340,1,21.2864,-157.8427,27.520075,5.087471,31.599,0.22405,1.5705,0.1443,2.8737345,0.133069979,0.290108003,1.022457935,60.22346801,27.016,31.806,18.96,2.2143,1.0285,72.283,5.751488,October,3,21.28778112,-157.8406553,3016.841591,0.17192285,0-0.25 m
10/21/18 10:43,10/21/18,10:43:00,1540154580,1,21.2864,-157.8427,27.5265,5.073481,31.497325,0.231675,1.64675,0.152175,3.030565125,0.132757974,0.28949884,1.020274212,60.19949739,27.241,51.121,31.96,1.0492,1.0043,NA,NA,October,2.5,21.28645417,-157.843846,3372.328129,0.954734275,0.75-1 m
10/21/18 10:47,10/21/18,10:47:00,1540154820,1,21.2864,-157.8427,27.50975,5.064726,31.447625,0.22465,1.5765,0.1543,3.0728845,0.132445969,0.288889677,1.018090489,60.17552677,27.438,51.602,32.163,1.2444,0.5082,86.181,6.807264,October,2,21.28493404,-157.8448555,3524.7998,0.9765855,0.75-1 m
10/21/18 10:48,10/21/18,10:48:00,1540154880,1,21.2864,-157.8427,27.5035,5.062684,31.4376,0.2219,1.549,0.154,3.06691,0.132367968,0.288737386,1.017544558,60.16953412,27.673,53.586,33.386,NA,NA,105.573,8.300192,October,2,21.28485845,-157.8448645,3528.760771,2.19059775,2-2.25 m
10/21/18 10:49,10/21/18,10:49:00,1540154940,1,21.2864,-157.8427,27.5153,5.06190075,31.42425,0.22285,1.5585,0.15635,3.11371025,0.132289967,0.288585096,1.016998627,60.16354147,27.714,53.772,33.487,1.4213,0.2904,107.095,8.414816,October,2,21.28474087,-157.8448825,3535.396982,2.15137505,2-2.25 m
10/21/18 10:50,10/21/18,10:50:00,1540155000,1,21.2864,-157.8427,27.5271,5.0611175,31.4109,0.2238,1.568,0.1587,3.1605105,0.132211966,0.288432805,1.016452697,60.15754881,27.725,53.524,33.306,1.159,0.3509,106.436,8.357728,October,2,21.28485005,-157.8448915,3531.70854,1.853621,1.75-2 m
10/21/18 10:51,10/21/18,10:51:00,1540155060,1,21.2864,-157.8427,27.5389,5.06033425,31.39755,0.22475,1.5775,0.16105,3.20731075,0.132133965,0.288280514,1.015906766,60.15155616,27.735,53.769,33.47,1.3054,0.3146,NA,NA,October,2,21.28481366,-157.8449006,3534.090087,2.22384745,2-2.25 m
10/21/18 10:52,10/21/18,10:52:00,1540155120,1,21.2864,-157.8427,27.5507,5.059551,31.3842,0.2257,1.587,0.1634,3.254111,0.132055964,0.288128223,1.015360835,60.1455635,27.729,53.663,33.401,1.2322,0.3146,106.609,8.375584,October,2,21.28480806,-157.8449276,3536.921254,1.949189,1.75-2 m
10/21/18 10:53,10/21/18,10:53:00,1540155180,1,21.2864,-157.8427,27.55325,5.05966675,31.3833,0.227175,1.60175,0.163075,3.247638625,0.131977962,0.287975933,1.014814904,60.13957085,27.662,42.58,25.827,1.342,0.5929,94.119,7.400256,October,2,21.28479126,-157.8448825,3533.281529,0.25216015,0.25-0.5 m
10/21/18 10:54,10/21/18,10:54:00,1540155240,1,21.2864,-157.8427,27.5558,5.0597825,31.3824,0.22865,1.6165,0.16275,3.24116625,0.131899961,0.287823642,1.014268974,60.13357819,27.594,47.858,29.463,1.1895,0.5687,NA,NA,October,2,21.28472408,-157.8449186,3539.570585,0.46101605,0.25-0.5 m
10/21/18 10:55,10/21/18,10:55:00,1540155300,1,21.2864,-157.8427,27.55835,5.05989825,31.3815,0.230125,1.63125,0.162425,3.234693875,0.13182196,0.287671351,1.013723043,60.12758554,27.626,49.56,30.617,1.2078,0.5445,92.742,7.297888,October,2,21.28463169,-157.8449366,3545.230862,0.4820211,0.25-0.5 m
10/21/18 10:56,10/21/18,10:56:00,1540155360,1,21.2864,-157.8427,27.5609,5.060014,31.3806,0.2316,1.646,0.1621,3.2282215,0.131743959,0.287519061,1.013177112,60.12159289,27.634,49.52,30.583,1.464,0.4235,93.435,7.352736,October,2,21.28448052,-157.8449456,3552.679097,0.4477759,0.25-0.5 m
10/21/18 10:57,10/21/18,10:57:00,1540155420,1,21.2864,-157.8427,27.572425,5.08516325,31.547825,0.230075,1.63075,0.159425,3.174948875,0.131665958,0.28736677,1.012631181,60.11560023,NA,NA,NA,1.2139,0.4719,93.785,7.37424,October,2,21.28433774,-157.8450358,3567.625323,0.47634675,0.25-0.5 m
10/21/18 10:58,10/21/18,10:58:00,1540155480,1,21.2864,-157.8427,27.58395,5.1103125,31.71505,0.22855,1.6155,0.15675,3.12167625,0.131587957,0.287214479,1.01208525,60.10960758,27.638,44.168,26.915,NA,NA,NA,NA,October,2,21.28413898,-157.8450989,3582.694135,0.2078604,0-0.25 m
10/21/18 10:59,10/21/18,10:59:00,1540155540,1,21.2864,-157.8427,27.595475,5.13546175,31.882275,0.227025,1.60025,0.154075,3.068403625,0.131509956,0.287062188,1.01153932,60.10361492,27.586,43.737,26.652,1.2749,0.5082,86.748,6.830144,October,2,21.2839598,-157.8450898,3590.301933,0.18884635,0-0.25 m
10/21/18 11:00,10/21/18,11:00:00,1540155600,1,21.2864,-157.8427,27.607,5.160611,32.0495,0.2255,1.585,0.1514,3.015131,0.131431954,0.286909898,1.010993389,60.09762227,27.608,46.641,28.619,1.1773,0.4719,88.239,6.947168,October,2,21.28382963,-157.8451619,3603.33127,0.21871135,0-0.25 m
10/21/18 11:01,10/21/18,11:01:00,1540155660,1,21.2864,-157.8427,27.605875,5.14929525,31.9715,0.224325,1.57325,0.156175,3.110225125,0.131353953,0.286757607,1.010447458,60.09162962,27.54,47.289,29.105,1.281,0.4719,85.656,6.751008,October,2,21.28380863,-157.8451259,3601.002363,0.17690035,0-0.25 m
10/21/18 11:02,10/21/18,11:02:00,1540155720,1,21.2864,-157.8427,27.60475,5.1379795,31.8935,0.22315,1.5615,0.16095,3.20531925,0.131275952,0.286605316,1.009901527,60.08563696,27.561,49.399,30.547,NA,NA,NA,NA,October,2,21.28390941,-157.8450448,3588.525776,0.2871022,0.25-0.5 m
10/21/18 11:03,10/21/18,11:03:00,1540155780,1,21.2864,-157.8427,27.603625,5.12666375,31.8155,0.221975,1.54975,0.165725,3.300413375,0.131197951,0.286453025,1.009355596,60.07964431,27.657,50.34,31.136,1.1407,0.4477,91.05,7.159136,October,2,21.28379603,-157.8451169,3600.782816,0.340908975,0.25-0.5 m
11/29/18 10:04,11/29/18,10:04:00,1543521840,1,21.2864,-157.8427,26.256925,5.25789275,33.69325,0.143875,0.76875,0.1197,2.3838255,0.7632,0.5202,1.9998,70,25.817,52.8135,34.1885,NA,NA,78.81,6.403968,November,2,21.28505162,-157.8447563,3510.475195,2.3529638,2.25-2.5 m
11/29/18 10:05,11/29/18,10:05:00,1543521900,1,21.2864,-157.8427,26.2587,5.257775,33.6911,0.1433,0.763,0.1191,2.3718765,0.749066667,0.51765,2.01495,70.16666667,26.014,53.154,34.289,0.8845,0.6776,87.697,7.10752,November,2,21.28505162,-157.8447563,3510.475195,5.0266777,4-13 m
11/29/18 10:06,11/29/18,10:06:00,1543521960,1,21.2864,-157.8427,26.259525,5.2582575,33.693975,0.144775,0.77775,0.120825,2.406229875,0.734933333,0.5151,2.0301,70.33333333,25.994,53.167,34.313,1.3603,0.8349,83.619,6.776736,November,2,21.28505162,-157.8447563,3510.475195,6.77686625,4-13 m
11/29/18 10:07,11/29/18,10:07:00,1543522020,1,21.2864,-157.8427,26.26035,5.25874,33.69685,0.14625,0.7925,0.12255,2.44058325,0.7208,0.51255,2.04525,70.5,25.989,53.16,34.311,1.3664,0.8712,82.908,6.72016,November,2,21.28505162,-157.8447563,3510.475195,6.69901815,4-13 m
11/29/18 10:08,11/29/18,10:08:00,1543522080,1,21.2864,-157.8427,26.261175,5.2592225,33.699725,0.147725,0.80725,0.124275,2.474936625,0.706666667,0.51,2.0604,70.66666667,25.998,53.175,34.316,1.5006,0.8954,NA,NA,November,2,21.28505162,-157.8447563,3510.475195,6.8245507,4-13 m
11/29/18 10:09,11/29/18,10:09:00,1543522140,1,21.2864,-157.8427,26.262,5.259705,33.7026,0.1492,0.822,0.126,2.50929,0.692533333,0.50745,2.07555,70.83333333,25.993,53.175,34.32,NA,NA,82.876,6.71632,November,2,21.28505162,-157.8447563,3510.475195,6.8167858,4-13 m
11/29/18 10:10,11/29/18,10:10:00,1543522200,1,21.2864,-157.8427,26.264975,5.25981075,33.701175,0.148875,0.81875,0.125175,2.492860125,0.6784,0.5049,2.0907,71,25.998,53.171,34.314,1.4213,0.8954,83.541,6.770496,November,2,21.28505162,-157.8447563,3510.475195,6.77626895,4-13 m
11/29/18 10:11,11/29/18,10:11:00,1543522260,1,21.2864,-157.8427,26.26795,5.2599165,33.69975,0.14855,0.8155,0.12435,2.47643025,0.664266667,0.50235,2.10585,71.16666667,25.8775,52.1375,33.6525,0.5429,0.2299,77.355,6.282784,November,2,21.28505162,-157.8447563,3510.475195,1.72649565,1.5-1.75 m
11/29/18 10:12,11/29/18,10:12:00,1543522320,1,21.2864,-157.8427,26.270925,5.26002225,33.698325,0.148225,0.81225,0.123525,2.460000375,0.650133333,0.4998,2.121,71.33333333,25.6945,52.149,33.7965,NA,NA,76.156,6.206976,November,2,21.28505162,-157.8447563,3510.475195,1.744116,1.5-1.75 m
11/29/18 10:13,11/29/18,10:13:00,1543522380,1,21.2864,-157.8427,26.2739,5.260128,33.6969,0.1479,0.809,0.1227,2.4435705,0.636,0.49725,2.13615,71.5,25.681,52.157,33.811,NA,NA,NA,NA,November,2,21.28505162,-157.8447563,3510.475195,1.7359529,1.5-1.75 m
11/29/18 10:14,11/29/18,10:14:00,1543522440,1,21.2864,-157.8427,26.273,5.2584595,33.68555,0.1485,0.815,0.122975,2.449047125,0.621866667,0.4947,2.1513,71.66666667,25.683,52.1,33.769,0.549,0.2178,75.933,6.187392,November,2,21.28505162,-157.8447563,3510.475195,1.7405322,1.5-1.75 m
11/29/18 10:15,11/29/18,10:15:00,1543522500,1,21.2864,-157.8427,26.2721,5.256791,33.6742,0.1491,0.821,0.12325,2.45452375,0.607733333,0.49215,2.16645,71.83333333,25.686,50.633,32.701,0.5002,0.3993,77.488,6.316768,November,2,21.28505162,-157.8447563,3510.475195,0.30074055,0.25-0.5 m
11/29/18 10:16,11/29/18,10:16:00,1543522560,1,21.2864,-157.8427,26.2712,5.2551225,33.66285,0.1497,0.827,0.123525,2.460000375,0.5936,0.4896,2.1816,72,25.704,49.698,32.012,0.5246,0.5808,70.733,5.76496,November,2,21.28505162,-157.8447563,3510.475195,0.2146298,0-0.25 m
11/29/18 10:17,11/29/18,10:17:00,1543522620,1,21.2864,-157.8427,26.2703,5.253454,33.6515,0.1503,0.833,0.1238,2.465477,0.5936,0.4896,2.234625,72.58333333,25.804,50.188,32.296,NA,NA,75.232,6.120768,November,2,21.28505162,-157.8447563,3510.475195,0.23862135,0-0.25 m
11/29/18 10:18,11/29/18,10:18:00,1543522680,1,21.2864,-157.8427,26.26475,5.25248575,33.6486,0.153175,0.86175,0.124425,2.477923875,0.5936,0.4896,2.28765,73.16666667,25.8645,51.072,32.891,0.5246,0.3751,78.793,6.399296,November,2,21.28505162,-157.8447563,3510.475195,0.25056735,0.25-0.5 m
11/29/18 10:22,11/29/18,10:22:00,1543522920,1,21.2864,-157.8427,26.240575,5.24836825,33.636675,0.158975,0.91975,0.124775,2.484894125,0.5936,0.4896,2.49975,75.5,25.8605,49.8025,31.978,0.5551,0.4961,79.867,6.492704,November,2.5,21.28649616,-157.8437559,3362.095998,0.5507106,0.5-0.75 m
11/29/18 10:46,11/29/18,10:46:00,1543524360,1,21.2864,-157.8427,26.25985,5.25825,33.693725,0.140725,0.73725,0.1222,2.433613,0.5936,0.5049,2.6361,77,26.657,53.288,33.909,3.5746,0.968,88.607,7.11792,November,3,21.28770553,-157.8407364,3026.64877,3.844571225,3.75-4 m
11/29/18 10:47,11/29/18,10:47:00,1543524420,1,21.2864,-157.8427,26.2635,5.260639,33.70825,0.14165,0.7465,0.1243,2.4754345,0.5936,0.51255,2.65125,77.16666667,26.262,53.255,34.177,4.0565,0.8349,82.407,6.652512,November,3,21.28770553,-157.8407364,3026.64877,4.035408575,4-13 m
11/29/18 10:48,11/29/18,10:48:00,1543524480,1,21.2864,-157.8427,26.26715,5.263028,33.722775,0.142575,0.75575,0.1264,2.517256,0.5936,0.5202,2.6664,77.33333333,26.227,53.266,34.211,NA,NA,NA,NA,November,3,21.28770553,-157.8407364,3026.64877,4.0522823,4-13 m
11/29/18 10:49,11/29/18,10:49:00,1543524540,1,21.2864,-157.8427,26.2708,5.265417,33.7373,0.1435,0.765,0.1285,2.5590775,0.5936,0.52785,2.68155,77.5,26.214,53.251,34.21,3.5807,0.7986,84.533,6.827328,November,3,21.28770553,-157.8407364,3026.64877,4.05039085,4-13 m
11/29/18 10:50,11/29/18,10:50:00,1543524600,1,21.2864,-157.8427,26.2738,5.26641975,33.742325,0.148975,0.81975,0.129425,2.577498875,0.5936,0.5355,2.6967,77.66666667,26.165,53.259,34.251,NA,NA,80.76,6.5256,November,3,21.28770553,-157.8407364,3026.64877,4.0329696,4-13 m
11/29/18 10:51,11/29/18,10:51:00,1543524660,1,21.2864,-157.8427,26.2768,5.2674225,33.74735,0.15445,0.8745,0.13035,2.59592025,0.5936,0.54315,2.71185,77.83333333,26.138,53.25,34.265,NA,NA,83.2,6.72384,November,3,21.28770553,-157.8407364,3026.64877,3.97931215,3.75-4 m
11/29/18 10:52,11/29/18,10:52:00,1543524720,1,21.2864,-157.8427,26.2798,5.26842525,33.752375,0.159925,0.92925,0.131275,2.614341625,0.5936,0.5508,2.727,78,26.087,52.3095,33.623,NA,NA,NA,NA,November,3,21.28770553,-157.8407364,3026.64877,1.4189857,1.25-1.5 m
11/29/18 10:53,11/29/18,10:53:00,1543524780,1,21.2864,-157.8427,26.2828,5.269428,33.7574,0.1654,0.984,0.1322,2.632763,0.5936,0.54825,2.764875,78.41666667,26.214,50.403,32.1625,NA,NA,72.02,5.816832,November,3,21.28770553,-157.8407364,3026.64877,0.6910761,0.5-0.75 m
11/29/18 10:54,11/29/18,10:54:00,1543524840,1,21.2864,-157.8427,26.2827,5.26470725,33.7235,0.163925,0.96925,0.132775,2.644214125,0.5936,0.5457,2.80275,78.83333333,26.285,50.815,32.408,1.2993,0.6171,73.63,5.94464,November,3,21.28770553,-157.8407364,3026.64877,0.6126307,0.5-0.75 m
11/29/18 10:55,11/29/18,10:55:00,1543524900,1,21.2864,-157.8427,26.2826,5.2599865,33.6896,0.16245,0.9545,0.13335,2.65566525,0.5936,0.54315,2.840625,79.25,26.219,50.562,32.273,1.3725,0.605,73.718,5.956896,November,3,21.28770553,-157.8407364,3026.64877,0.6034721,0.5-0.75 m
11/29/18 10:56,11/29/18,10:56:00,1543524960,1,21.2864,-157.8427,26.2825,5.25526575,33.6557,0.160975,0.93975,0.133925,2.667116375,0.5936,0.5406,2.8785,79.66666667,26.519,49.235,31.122,NA,NA,NA,NA,November,3,21.28770553,-157.8407364,3026.64877,0.6080514,0.5-0.75 m
11/29/18 10:57,11/29/18,10:57:00,1543525020,1,21.2864,-157.8427,26.2824,5.250545,33.6218,0.1595,0.925,0.1345,2.6785675,0.5936,0.53805,2.916375,80.08333333,26.272,40.993,25.5065,1.0187,0.7865,NA,NA,November,3,21.28770553,-157.8407364,3026.64877,0.17451115,0-0.25 m
11/29/18 10:58,11/29/18,10:58:00,1543525080,1,21.2864,-157.8427,26.274975,5.24973575,33.6214,0.15575,0.8875,0.130925,2.607371375,0.5936,0.5355,2.95425,80.5,25.815,44.7075,28.3715,NA,NA,68.016,5.519264,November,3,21.28770553,-157.8407364,3026.64877,0.221548525,0-0.25 m
11/29/18 10:59,11/29/18,10:59:00,1543525140,1,21.2864,-157.8427,26.26755,5.2489265,33.621,0.152,0.85,0.12735,2.53617525,0.5936,0.53295,2.992125,80.91666667,25.9355,43.514,27.4575,NA,NA,67.031,5.437088,November,3,21.28770553,-157.8407364,3026.64877,0.2120415,0-0.25 m
11/29/18 11:00,11/29/18,11:00:00,1543525200,1,21.2864,-157.8427,26.260125,5.24811725,33.6206,0.14825,0.8125,0.123775,2.464979125,0.5936,0.5304,3.03,81.33333333,25.727,42.381,26.784,NA,NA,65.762,5.359424,November,3,21.28770553,-157.8407364,3026.64877,0.2186118,0-0.25 m
1/20/19 9:06,1/20/19,9:06:00,1548011160,1,21.2864,-157.8427,25.2662,4.968758,32.3136,0.1868,1.198,0.1588,3.162502,1.3568,1.2291,4.4541,97,24.7,51.616,34.149,2.5803,0.5445,85.941,7.131584,January,2,NA,NA,NA,7.27660725,4-13 m
1/20/19 9:07,1/20/19,9:07:00,1548011220,1,21.2864,-157.8427,25.2489,4.9669865,32.313,0.1856,1.186,0.1588,3.162502,1.3568,1.24695,4.40865,96.5,24.666,51.613,34.173,2.5071,0.5445,84.079,6.982816,January,2,NA,NA,NA,7.267199775,4-13 m
1/20/19 9:08,1/20/19,9:08:00,1548011280,1,21.2864,-157.8427,25.2316,4.965215,32.3124,0.1844,1.174,0.1588,3.162502,1.3568,1.2648,4.3632,96,24.652,51.603,34.176,1.5677,0.5203,NA,NA,January,2,NA,NA,NA,6.7226115,4-13 m
1/20/19 9:09,1/20/19,9:09:00,1548011340,1,21.2864,-157.8427,25.2143,4.9634435,32.3118,0.1832,1.162,0.1588,3.162502,1.3568,1.28265,4.31775,95.5,NA,NA,NA,0.8662,0.6776,81.047,6.703936,January,2,NA,NA,NA,1.85312325,1.75-2 m
1/20/19 9:10,1/20/19,9:10:00,1548011400,1,21.2864,-157.8427,25.197,4.961672,32.3112,0.182,1.15,0.1588,3.162502,1.3568,1.3005,4.2723,95,24.9295,50.7785,33.3575,1.1224,0.7139,79.197,6.543168,January,2,NA,NA,NA,0.90899105,0.75-1 m
1/20/19 9:11,1/20/19,9:11:00,1548011460,1,21.2864,-157.8427,25.195325,4.94885175,32.218875,0.1805,1.135,0.164775,3.281494125,1.3568,1.31835,4.22685,94.5,24.9365,47.8205,31.1825,0.9638,0.7744,79.667,6.583296,January,2,NA,NA,NA,0.30293065,0.25-0.5 m
1/20/19 9:12,1/20/19,9:12:00,1548011520,1,21.2864,-157.8427,25.19365,4.9360315,32.12655,0.179,1.12,0.17075,3.40048625,1.3568,1.3362,4.1814,94,24.9935,47.341,30.7945,NA,NA,80.665,6.661504,January,2,NA,NA,NA,0.24041325,0-0.25 m
1/20/19 9:23,1/20/19,9:23:00,1548012180,1,21.2864,-157.8427,25.295575,4.91381575,31.8927,0.1784,1.114,0.1484,2.955386,1.554666667,1.1934,4.901025,101.9166667,24.933,51.647,33.9965,2.4522,0.9922,78.374,6.465056,January,3,NA,NA,NA,2.813283,2.75-3 m
1/20/19 9:24,1/20/19,9:24:00,1548012240,1,21.2864,-157.8427,25.27015,4.9061385,31.8547,0.1748,1.078,0.1463,2.9135645,1.582933333,1.1628,5.0298,103.3333333,24.698,51.6305,34.1615,3.0012,1.0648,84.666,7.025056,January,3,NA,NA,NA,3.47280175,3.25-3.5 m
1/20/19 9:25,1/20/19,9:25:00,1548012300,1,21.2864,-157.8427,25.244725,4.89846125,31.8167,0.1712,1.042,0.1442,2.871743,1.6112,1.1322,5.158575,104.75,24.689,51.623,34.163,2.7389,1.0648,84.03,6.975712,January,3,NA,NA,NA,3.5190925,3.5-3.75 m
1/20/19 9:26,1/20/19,9:26:00,1548012360,1,21.2864,-157.8427,25.2193,4.890784,31.7787,0.1676,1.006,0.1421,2.8299215,1.639466667,1.1016,5.28735,106.1666667,24.742,51.633,34.131,3.1293,1.0406,82.745,6.861728,January,3,NA,NA,NA,3.40461,3.25-3.5 m
1/20/19 9:27,1/20/19,9:27:00,1548012420,1,21.2864,-157.8427,25.198975,4.8943075,31.81865,0.172125,1.05125,0.145075,2.889168625,1.667733333,1.071,5.416125,107.5833333,25.334,50.938,33.178,2.1411,2.1417,72.318,5.936352,January,3,NA,NA,NA,1.160205475,1-1.25 m
1/20/19 9:28,1/20/19,9:28:00,1548012480,1,21.2864,-157.8427,25.17865,4.897831,31.8586,0.17665,1.0965,0.14805,2.94841575,1.696,1.0404,5.5449,109,25.443,51.095,33.212,2.1167,2.2627,NA,NA,January,3,NA,NA,NA,1.1732963,1-1.25 m
1/20/19 9:30,1/20/19,9:30:00,1548012600,1,21.2864,-157.8427,25.138,4.904878,31.9385,0.1857,1.187,0.154,3.06691,1.639466667,1.0455,5.6055,109.6666667,NA,NA,NA,NA,NA,97.716,7.924032,January,3,NA,NA,NA,NA,NA
1/20/19 9:31,1/20/19,9:31:00,1548012660,1,21.2864,-157.8427,25.144475,4.903306,31.922475,0.188125,1.21125,0.154025,3.067407875,1.6112,1.04805,5.6358,110,24.658,44.15,28.698,NA,NA,80.46,6.631936,January,3,NA,NA,NA,0.3241348,0.25-0.5 m
1/20/19 9:32,1/20/19,9:32:00,1548012720,1,21.2864,-157.8427,25.15095,4.901734,31.90645,0.19055,1.2355,0.15405,3.06790575,1.582933333,1.0506,5.6661,110.3333333,24.714,35.787,22.7,NA,NA,NA,NA,January,3,NA,NA,NA,0.2932743,0.25-0.5 m
1/20/19 9:33,1/20/19,9:33:00,1548012780,1,21.2864,-157.8427,25.157425,4.900162,31.890425,0.192975,1.25975,0.154075,3.068403625,1.554666667,1.05315,5.6964,110.6666667,24.901,41.887,26.919,1.6714,1.5488,NA,NA,January,3,NA,NA,NA,0.34513985,0.25-0.5 m
2/18/19 9:14,2/18/19,9:14:00,1550517240,1,21.2864,-157.8427,24.1113,4.936291,32.9101,0.155,0.88,0.1888,3.759952,2.544,0.7242,10.46865,163.1666667,23.587,50.278,33.993,2.3424,0.3993,88.812,7.526848,February,2,21.28505162,-157.8447563,3510.475195,4.87605855,4-13 m
2/18/19 9:15,2/18/19,9:15:00,1550517300,1,21.2864,-157.8427,24.106,4.95254875,33.03575,0.15725,0.9025,0.190975,3.803267125,2.544,0.7293,10.461075,163.0833333,23.424,50.257,34.104,2.8609,0.3751,NA,NA,February,2,21.28505162,-157.8447563,3510.475195,5.19680865,4-13 m
2/18/19 9:16,2/18/19,9:16:00,1550517360,1,21.2864,-157.8427,24.1007,4.9688065,33.1614,0.1595,0.925,0.19315,3.84658225,2.544,0.7344,10.4535,163,23.405,50.254,34.116,2.7023,0.363,88.187,7.49888,February,2,21.28505162,-157.8447563,3510.475195,5.134341025,4-13 m
2/18/19 9:17,2/18/19,9:17:00,1550517420,1,21.2864,-157.8427,24.0954,4.98506425,33.28705,0.16175,0.9475,0.195325,3.889897375,2.529866667,0.7293,10.4232,162.6666667,23.4695,50.4675,34.2285,1.9398,0.9922,88.683,7.53104,February,2,21.28505162,-157.8447563,3510.475195,2.4433552,2.25-2.5 m
2/18/19 9:18,2/18/19,9:18:00,1550517480,1,21.2864,-157.8427,24.0901,5.001322,33.4127,0.164,0.97,0.1975,3.9332125,2.515733333,0.7242,10.3929,162.3333333,23.8795,50.5695,33.9905,NA,NA,81.456,6.862528,February,2,21.28505162,-157.8447563,3510.475195,2.0071271,2-2.25 m
2/18/19 9:19,2/18/19,9:19:00,1550517540,1,21.2864,-157.8427,24.09395,4.99538175,33.365325,0.163125,0.96125,0.192575,3.835131125,2.5016,0.7191,10.3626,162,24.025,50.486,33.816,2.013,1.5972,76.874,6.46048,February,2,21.28505162,-157.8447563,3510.475195,1.96481835,1.75-2 m
2/18/19 9:20,2/18/19,9:20:00,1550517600,1,21.2864,-157.8427,24.0978,4.9894415,33.31795,0.16225,0.9525,0.18765,3.73704975,2.487466667,0.714,10.3323,161.6666667,24.043,50.443,33.771,2.0679,1.5004,NA,NA,February,2,21.28505162,-157.8447563,3510.475195,1.9057852,1.75-2 m
2/18/19 9:21,2/18/19,9:21:00,1550517660,1,21.2864,-157.8427,24.10165,4.98350125,33.270575,0.161375,0.94375,0.182725,3.638968375,2.473333333,0.7089,10.302,161.3333333,24.017,50.461,33.803,1.4396,1.2705,76.838,6.459424,February,2,21.28505162,-157.8447563,3510.475195,2.01439425,2-2.25 m
2/18/19 9:22,2/18/19,9:22:00,1550517720,1,21.2864,-157.8427,24.1055,4.977561,33.2232,0.1605,0.935,0.1778,3.540887,2.4592,0.7038,10.2717,161,24.021,50.556,33.872,1.6043,1.3431,77.674,6.530528,February,2,21.28505162,-157.8447563,3510.475195,1.9876153,1.75-2 m
2/18/19 9:23,2/18/19,9:23:00,1550517780,1,21.2864,-157.8427,24.11545,4.97122375,33.1684,0.1567,0.897,0.1793,3.5707595,2.445066667,0.6987,10.2414,160.6666667,22.981,25.035,15.924,2.6596,0.605,69.212,5.92944,February,2,21.28505162,-157.8447563,3510.475195,0.26251335,0.25-0.5 m
2/18/19 9:24,2/18/19,9:24:00,1550517840,1,21.2864,-157.8427,24.1254,4.9648865,33.1136,0.1529,0.859,0.1808,3.600632,2.430933333,0.6936,10.2111,160.3333333,22.403,21.956,13.977,NA,NA,NA,NA,February,2,21.28505162,-157.8447563,3510.475195,0.2231911,0-0.25 m
2/18/19 9:25,2/18/19,9:25:00,1550517900,1,21.2864,-157.8427,24.13535,4.95854925,33.0588,0.1491,0.821,0.1823,3.6305045,2.4168,0.6885,10.1808,160,22.469,21.186,13.423,NA,NA,69.349,6.002656,February,2,21.28505162,-157.8447563,3510.475195,0.37361115,0.25-0.5 m
2/18/19 9:26,2/18/19,9:26:00,1550517960,1,21.2864,-157.8427,24.1453,4.952212,33.004,0.1453,0.783,0.1838,3.660377,2.402666667,0.6834,10.1505,159.6666667,22.837,42.738,28.83,1.9886,0.9075,64.905,5.556736,February,2,21.28505162,-157.8447563,3510.475195,0.38914095,0.25-0.5 m
2/18/19 9:31,2/18/19,9:31:00,1550518260,1,21.2864,-157.8427,24.182325,4.98011,33.185125,0.15975,0.9275,0.180575,3.596151125,2.3956,0.6579,9.999,158,23.344,25.819,16.337,1.7812,0.4961,85.503,7.203008,February,2.5,21.28649616,-157.8437559,3362.095998,0.49565945,0.25-0.5 m
2/18/19 9:36,2/18/19,9:36:00,1550518560,1,21.2864,-157.8427,24.1561,5.006355,33.4012,0.15945,0.9245,0.1858,3.700207,2.430933333,0.6324,9.8475,156.3333333,23.389,44.322,29.651,11.8767,0.4477,48.613,4.126336,February,3,21.28770553,-157.8407364,3026.64877,0.7563809,0.75-1 m
2/18/19 9:37,2/18/19,9:37:00,1550518620,1,21.2864,-157.8427,24.14325,5.017112,33.49135,0.160575,0.93575,0.1916,3.815714,2.438,0.6273,9.8172,156,23.6235,50.434,34.084,12.1939,0.2662,81.761,6.924544,February,3,21.28770553,-157.8407364,3026.64877,3.0597688,3-3.25 m
2/18/19 9:38,2/18/19,9:38:00,1550518680,1,21.2864,-157.8427,24.1304,5.027869,33.5815,0.1617,0.947,0.1974,3.931221,2.445066667,0.6222,9.7869,155.6666667,23.597,50.4355,34.1055,NA,NA,84.413,7.154688,February,3,21.28770553,-157.8407364,3026.64877,3.0932176,3-3.25 m
2/18/19 9:39,2/18/19,9:39:00,1550518740,1,21.2864,-157.8427,24.134525,5.02883875,33.58565,0.161175,0.94175,0.193425,3.852058875,2.452133333,0.6171,9.7566,155.3333333,23.586,50.439,34.1165,12.3525,0.2783,83.267,7.057664,February,3,21.28770553,-157.8407364,3026.64877,3.152897825,3-3.25 m
2/18/19 9:40,2/18/19,9:40:00,1550518800,1,21.2864,-157.8427,24.13865,5.0298085,33.5898,0.16065,0.9365,0.18945,3.77289675,2.4592,0.612,9.7263,155,23.5625,50.433,34.1305,12.2122,0.2541,84.027,7.122368,February,3,21.28770553,-157.8407364,3026.64877,3.072113,3-3.25 m
2/18/19 9:41,2/18/19,9:41:00,1550518860,1,21.2864,-157.8427,24.142775,5.03077825,33.59395,0.160125,0.93125,0.185475,3.693734625,2.473333333,0.60945,9.733875,155.0833333,23.5855,50.429,34.109,12.4562,0.2783,82.253,6.9712,February,3,21.28770553,-157.8407364,3026.64877,3.00133295,3-3.25 m
2/18/19 9:42,2/18/19,9:42:00,1550518920,1,21.2864,-157.8427,24.1469,5.031748,33.5981,0.1596,0.926,0.1815,3.6145725,2.487466667,0.6069,9.74145,155.1666667,23.8075,49.996,33.612,11.7059,0.3751,72.893,6.149696,February,3,21.28770553,-157.8407364,3026.64877,1.0301434,1-1.25 m
2/18/19 9:43,2/18/19,9:43:00,1550518980,1,21.2864,-157.8427,24.15425,5.02451175,33.5384,0.15755,0.9055,0.17935,3.57175525,2.5016,0.60435,9.749025,155.25,24.134,49.233,32.796,NA,NA,59.473,4.9872,February,3,21.28770553,-157.8407364,3026.64877,0.9080951,0.75-1 m
2/18/19 9:44,2/18/19,9:44:00,1550519040,1,21.2864,-157.8427,24.1616,5.0172755,33.4787,0.1555,0.885,0.1772,3.528938,2.515733333,0.6018,9.7566,155.3333333,24.226,49.283,32.766,11.4436,0.4719,NA,NA,February,3,21.28770553,-157.8407364,3026.64877,0.9134708,0.75-1 m
2/18/19 9:45,2/18/19,9:45:00,1550519100,1,21.2864,-157.8427,24.16895,5.01003925,33.419,0.15345,0.8645,0.17505,3.48612075,2.529866667,0.59925,9.764175,155.4166667,24.258,49.265,32.729,11.6571,0.4356,58.443,4.892288,February,3,21.28770553,-157.8407364,3026.64877,0.91775145,0.75-1 m
2/18/19 9:46,2/18/19,9:46:00,1550519160,1,21.2864,-157.8427,24.1763,5.002803,33.3593,0.1514,0.844,0.1729,3.4433035,2.544,0.5967,9.77175,155.5,24.307,49.3995,32.7935,11.8096,0.4477,55.372,4.631936,February,3,21.28770553,-157.8407364,3026.64877,0.92412265,0.75-1 m
2/18/19 9:47,2/18/19,9:47:00,1550519220,1,21.2864,-157.8427,24.177075,5.0044695,33.3712,0.151075,0.84075,0.178125,3.547359375,2.558133333,0.59415,9.779325,155.5833333,23.029,16.276,9.948,11.9987,0.5445,59.85,5.12672,February,3,21.28770553,-157.8407364,3026.64877,0.29397115,0.25-0.5 m
2/18/19 9:48,2/18/19,9:48:00,1550519280,1,21.2864,-157.8427,24.17785,5.006136,33.3831,0.15075,0.8375,0.18335,3.65141525,2.572266667,0.5916,9.7869,155.6666667,22.27,16.358,10.176,NA,NA,NA,NA,February,3,21.28770553,-157.8407364,3026.64877,0.32682265,0.25-0.5 m
2/18/19 9:49,2/18/19,9:49:00,1550519340,1,21.2864,-157.8427,24.178625,5.0078025,33.395,0.150425,0.83425,0.188575,3.755471125,2.5864,0.58905,9.794475,155.75,22.5665,18.3825,11.474,11.9682,0.484,NA,NA,February,3,21.28770553,-157.8407364,3026.64877,0.3770954,0.25-0.5 m
2/18/19 9:50,2/18/19,9:50:00,1550519400,1,21.2864,-157.8427,24.1794,5.009469,33.4069,0.1501,0.831,0.1938,3.859527,2.600533333,0.5865,9.80205,155.8333333,NA,NA,NA,NA,NA,NA,NA,February,3,21.28770553,-157.8407364,3026.64877,NA,NA
3/22/19 9:00,3/22/19,9:00:00,1553281200,1,21.2864,-157.8427,24.9163,4.68969925,30.52345,0.27535,2.0835,0.14475,2.88269625,1.3568,1.6728,8.3628,140,23.98,42.941,28.2455,0.9699,1.1616,87.516,7.360864,March,2,21.285017,-157.844753,3511.541521,0.57091925,0.5-0.75 m
3/22/19 9:01,3/22/19,9:01:00,1553281260,1,21.2864,-157.8427,24.9307,4.7082755,30.6489,0.2741,2.071,0.1444,2.875726,1.3356,1.6371,8.430975,140.75,24.405,51.33,34.1605,3.8125,0.4477,NA,NA,March,2,21.284935,-157.844813,3520.657003,5.8346255,4-13 m
3/22/19 9:02,3/22/19,9:02:00,1553281320,1,21.2864,-157.8427,24.9451,4.72685175,30.77435,0.27285,2.0585,0.14405,2.86875575,1.3144,1.6014,8.49915,141.5,24.199,51.261,34.267,3.1415,0.3146,91.067,7.635456,March,2,21.284802,-157.844882,3532.785411,7.44783325,4-13 m
3/22/19 9:03,3/22/19,9:03:00,1553281380,1,21.2864,-157.8427,24.9595,4.745428,30.8998,0.2716,2.046,0.1437,2.8617855,1.2932,1.5657,8.567325,142.25,24.187,51.247,34.265,8.5766,0.5324,89.665,7.519136,March,2,21.284832,-157.844892,3532.50212,6.57298785,4-13 m
3/22/19 9:04,3/22/19,9:04:00,1553281440,1,21.2864,-157.8427,24.9585,4.7497975,30.932325,0.273125,2.06125,0.142825,2.844359875,1.272,1.53,8.6355,143,24.308,51.538,34.391,1.3115,1.2342,91.695,7.664512,March,2,21.284867,-157.844885,3530.384505,2.6794878,2.5-2.75 m
3/22/19 9:05,3/22/19,9:05:00,1553281500,1,21.2864,-157.8427,24.9575,4.754167,30.96485,0.27465,2.0765,0.14195,2.82693425,1.272,1.49175,8.65065,143.1666667,24.603,51.581,34.197,1.3481,1.1979,86.788,7.215904,March,2,21.284882,-157.844865,3527.840373,2.09144595,2-2.25 m
3/22/19 9:06,3/22/19,9:06:00,1553281560,1,21.2864,-157.8427,24.9565,4.7585365,30.997375,0.276175,2.09175,0.141075,2.809508625,1.272,1.4535,8.6658,143.3333333,24.478,42.798,27.831,NA,NA,84.386,7.038624,March,2,21.284883,-157.844857,3527.027962,0.30014325,0.25-0.5 m
3/22/19 9:07,3/22/19,9:07:00,1553281620,1,21.2864,-157.8427,24.9555,4.762906,31.0299,0.2777,2.107,0.1402,2.792083,1.272,1.41525,8.68095,143.5,24.134,42.85,28.082,NA,NA,84.095,7.058016,March,2,21.2849,-157.844858,3526.427998,0.298799325,0.25-0.5 m
3/22/19 9:10,3/22/19,9:10:00,1553281800,1,21.2864,-157.8427,24.93525,4.6925635,30.5316,0.243275,1.76275,0.142075,2.829423625,1.272,1.3005,8.7264,144,24.5345,51.417,34.127,1.8788,0.9801,86.265,7.183392,March,2.5,21.286355,-157.843772,3367.830575,3.4957978,3.25-3.5 m
3/22/19 9:15,3/22/19,9:15:00,1553282100,1,21.2864,-157.8427,24.9193,4.714734,30.7037,0.263,1.96,0.1456,2.899624,1.272,1.10925,8.80215,144.8333333,24.943,51.651,33.992,3.66,1.6093,79.906,6.652032,March,3,21.287617,-157.840933,3048.548962,1.83958445,1.75-2 m
3/22/19 9:16,3/22/19,9:16:00,1553282160,1,21.2864,-157.8427,24.927925,4.710544,30.66735,0.2642,1.972,0.1479,2.9454285,1.272,1.071,8.8173,145,24.555,51.485,34.162,5.5327,0.6897,NA,NA,March,3,21.287615,-157.840988,3054.188169,3.5055537,3.5-3.75 m
3/22/19 9:17,3/22/19,9:17:00,1553282220,1,21.2864,-157.8427,24.93655,4.706354,30.631,0.2654,1.984,0.1502,2.991233,1.279066667,1.07865,8.764275,144.4166667,24.401,51.482,34.278,4.3554,0.7139,88.301,7.378432,March,3,21.287585,-157.841087,3064.910594,3.5624963,3.5-3.75 m
3/22/19 9:18,3/22/19,9:18:00,1553282280,1,21.2864,-157.8427,24.945175,4.702164,30.59465,0.2666,1.996,0.1525,3.0370375,1.286133333,1.0863,8.71125,143.8333333,24.539,51.621,34.275,2.7389,2.6257,78.159,6.5096,March,3,21.287558,-157.841208,3077.806825,1.67711885,1.5-1.75 m
3/22/19 9:19,3/22/19,9:19:00,1553282340,1,21.2864,-157.8427,24.9538,4.697974,30.5583,0.2678,2.008,0.1548,3.082842,1.2932,1.09395,8.658225,143.25,24.888,51.594,33.991,NA,NA,76.659,6.34272,March,3,21.287552,-157.841183,3075.39604,1.60902665,1.5-1.75 m
3/22/19 9:20,3/22/19,9:20:00,1553282400,1,21.2864,-157.8427,24.94685,4.726334,30.7698,0.265075,1.98075,0.154525,3.077365375,1.300266667,1.1016,8.6052,142.6666667,24.917,51.516,33.911,2.2875,2.8919,76.388,6.317664,March,3,21.287568,-157.841235,3080.336305,1.482448825,1.25-1.5 m
3/22/19 9:21,3/22/19,9:21:00,1553282460,1,21.2864,-157.8427,24.9399,4.754694,30.9813,0.26235,1.9535,0.15425,3.07188875,1.307333333,1.10925,8.552175,142.0833333,24.131,38.52,24.949,1.2871,1.2705,NA,NA,March,3,21.287648,-157.840787,3033.023125,0.38675175,0.25-0.5 m
3/22/19 9:22,3/22/19,9:22:00,1553282520,1,21.2864,-157.8427,24.93295,4.783054,31.1928,0.259625,1.92625,0.153975,3.066412125,1.3144,1.1169,8.49915,141.5,24.13,38.2855,24.7805,1.3237,1.4036,NA,NA,March,3,21.287642,-157.840802,3034.679262,0.401136725,0.25-0.5 m
4/20/19 8:25,4/20/19,8:25:00,1555784700,NA,NA,NA,NA,NA,NA,NA,NA,NA,NA,1.045866667,1.0404,4.6662,99.33333333,24.631,45.978,30.045,0.8662,0.6897,86.52,7.157824,April,2,21.284925,-157.844507,3491.592174,0.1907378,0-0.25 m
4/20/19 8:26,4/20/19,8:26:00,1555784760,NA,NA,NA,NA,NA,NA,NA,NA,NA,NA,1.031733333,1.0404,4.6056,98.66666667,24.975,52.002,34.227,8.3814,0.5808,87.493,7.2264,April,2,21.28498,-157.844538,3492.29123,8.04851795,4-13 m
4/20/19 8:27,4/20/19,8:27:00,1555784820,NA,NA,NA,NA,NA,NA,NA,NA,NA,NA,1.0176,1.0404,4.545,98,24.918,52.002,34.27,NA,NA,86.15,7.12208,April,2,21.284972,-157.844568,3495.511588,8.0261192,4-13 m
4/20/19 8:28,4/20/19,8:28:00,1555784880,NA,NA,NA,NA,NA,NA,NA,NA,NA,NA,1.031733333,1.0404,4.567725,98.25,24.928,52.002,34.263,5.0447,0.6413,NA,NA,April,2,21.28492,-157.844623,3502.958372,7.97146625,4-13 m
4/20/19 8:29,4/20/19,8:29:00,1555784940,NA,NA,NA,NA,NA,NA,NA,NA,NA,NA,1.045866667,1.0404,4.59045,98.5,24.9205,52.004,34.27,3.8003,0.5808,87.515,7.2336,April,2,21.284883,-157.84469,3510.942995,7.21647905,4-13 m
4/20/19 8:30,4/20/19,8:30:00,1555785000,NA,NA,NA,NA,NA,NA,NA,NA,NA,NA,1.06,1.0404,4.613175,98.75,24.9275,52.006,34.266,2.1655,0.484,89.225,7.375456,April,2,21.28486,-157.84472,3514.786648,7.72617505,4-13 m
4/20/19 8:31,4/20/19,8:31:00,1555785060,NA,NA,NA,NA,NA,NA,NA,NA,NA,NA,1.074133333,1.0404,4.6359,99,25.126,52.347,34.368,NA,NA,96.518,7.946976,April,2,21.28498,-157.844807,3518.253302,3.90245955,3.75-4 m
4/20/19 8:32,4/20/19,8:32:00,1555785120,NA,NA,NA,NA,NA,NA,NA,NA,NA,NA,1.088266667,1.0404,4.658625,99.25,25.2965,52.391,34.271,1.1956,1.2342,NA,NA,April,2,21.284928,-157.844852,3524.707197,3.61993665,3.5-3.75 m
4/20/19 8:33,4/20/19,8:33:00,1555785180,NA,NA,NA,NA,NA,NA,NA,NA,NA,NA,1.1024,1.0404,4.68135,99.5,25.337,47.957,31.007,0.7747,0.7139,86.217,7.073728,April,2,21.284798,-157.844855,3530.355982,0.356389,0.25-0.5 m
4/20/19 8:42,4/20/19,8:42:00,1555785720,NA,NA,NA,NA,NA,NA,NA,NA,NA,NA,1.1872,1.0863,4.885875,101.75,25.33,52.445,34.285,6.222,1.2947,NA,NA,April,3,21.287578,-157.841018,3058.047334,3.24363765,3-3.25 m
4/20/19 8:43,4/20/19,8:43:00,1555785780,NA,NA,NA,NA,NA,NA,NA,NA,NA,NA,1.1872,1.1016,4.9086,102,25.4,52.408,34.206,NA,NA,76.635,6.283424,April,3,21.287578,-157.841085,3064.859967,2.91810915,2.75-3 m
4/20/19 8:44,4/20/19,8:44:00,1555785840,NA,NA,NA,NA,NA,NA,NA,NA,NA,NA,1.1872,1.1169,4.931325,102.25,25.47,52.403,34.149,2.2997,3.0371,77.677,6.35728,April,3,21.287568,-157.841097,3066.299699,1.4357101,1.25-1.5 m
4/20/19 8:45,4/20/19,8:45:00,1555785900,NA,NA,NA,NA,NA,NA,NA,NA,NA,NA,1.1872,1.1322,4.95405,102.5,25.47,47.816,30.815,1.4762,2.0207,84.76,6.940864,April,3,21.287552,-157.841178,3074.88766,0.7374664,0.5-0.75 m
4/20/19 8:46,4/20/19,8:46:00,1555785960,NA,NA,NA,NA,NA,NA,NA,NA,NA,NA,1.1872,1.1475,4.976775,102.75,25.524,47.451,30.517,1.5433,2.4684,80.674,6.596256,April,3,21.287493,-157.841198,3078.244063,0.68281345,0.5-0.75 m
4/20/19 8:47,4/20/19,8:47:00,1555786020,NA,NA,NA,NA,NA,NA,NA,NA,NA,NA,1.1872,1.1628,4.9995,103,25.288,42.831,27.361,NA,NA,NA,NA,April,3,21.287448,-157.841193,3078.782366,0.2219965,0-0.25 m
6/4/19 10:44,6/4/19,10:44:00,1559681040,1,21.2864,-157.8427,27.50305,5.3016645,33.10785,0.2093,1.423,0.49445,9.84697175,NA,NA,NA,NA,27.383,50.21,31.228,1.8544,3.0855,NA,NA,June,3,21.287683,-157.840743,3027.794691,0.8543381,0.75-1 m
6/4/19 10:45,6/4/19,10:45:00,1559681100,1,21.2864,-157.8427,27.501925,5.30349475,33.121475,0.22735,1.6035,0.509225,10.14121588,NA,NA,NA,NA,27.005,53.822,34.035,NA,NA,77.836,6.199328,June,3,21.287667,-157.840743,3028.136051,3.3639936,3.25-3.5 m
6/4/19 10:46,6/4/19,10:46:00,1559681160,1,21.2864,-157.8427,27.5008,5.305325,33.1351,0.2454,1.784,0.524,10.43546,NA,NA,NA,NA,26.924,53.838,34.106,2.9707,2.3958,83.212,6.637792,June,3,21.287638,-157.840758,3030.291007,3.38758695,3.25-3.5 m
6/4/19 10:47,6/4/19,10:47:00,1559681220,1,21.2864,-157.8427,27.4933,5.30586075,33.144175,0.23855,1.7155,0.526125,10.47777938,NA,NA,NA,NA,27.493,44.124,26.968,NA,NA,100.178,7.89168,June,3,21.28759,-157.840723,3027.807762,0.36385525,0.25-0.5 m
6/4/19 10:48,6/4/19,10:48:00,1559681280,1,21.2864,-157.8427,27.4858,5.3063965,33.15325,0.2317,1.647,0.52825,10.52009875,NA,NA,NA,NA,27.742,44.51,27.087,2.1655,2.178,NA,NA,June,3,21.287637,-157.840652,3019.536744,0.23006005,0-0.25 m
6/4/19 10:49,6/4/19,10:49:00,1559681340,1,21.2864,-157.8427,27.4783,5.30693225,33.162325,0.22485,1.5785,0.530375,10.56241813,NA,NA,NA,NA,27.911,43.706,26.448,2.2631,2.4563,104.198,8.160256,June,3,21.287673,-157.840642,3017.729088,0.21901,0-0.25 m
6/4/19 10:59,6/4/19,10:59:00,1559681940,1,21.2864,-157.8427,27.4701,5.31004925,33.189975,0.213725,1.46725,0.618425,12.31593388,NA,NA,NA,NA,27.418,52.901,33.087,0.671,1.0527,NA,NA,June,2,21.284755,-157.844897,3536.194132,1.52679835,1.5-1.75 m
6/4/19 11:00,6/4/19,11:00:00,1559682000,1,21.2864,-157.8427,27.4682,5.3110795,33.19855,0.21065,1.4365,0.62705,12.48770075,NA,NA,NA,NA,26.605,53.6,34.171,1.8483,0.6655,89.045,7.154432,June,2,21.284708,-157.84488,3536.549106,5.01702135,4-13 m
6/4/19 11:01,6/4/19,11:01:00,1559682060,1,21.2864,-157.8427,27.4663,5.31210975,33.207125,0.207575,1.40575,0.635675,12.65946763,NA,NA,NA,NA,26.436,53.5855,34.286,1.6775,0.7139,89.133,7.177152,June,2,21.284752,-157.84488,3534.687781,5.1799847,4-13 m
6/4/19 11:02,6/4/19,11:02:00,1559682120,1,21.2864,-157.8427,27.4644,5.31314,33.2157,0.2045,1.375,0.6443,12.8312345,NA,NA,NA,NA,27.173,49.358,30.7725,0.9882,0.9196,99.559,7.889408,June,2,21.284757,-157.844872,3533.709096,0.3987973,0.25-0.5 m
6/4/19 11:03,6/4/19,11:03:00,1559682180,1,21.2864,-157.8427,27.46385,5.31309075,33.215775,0.205725,1.38725,0.649925,12.94325638,NA,NA,NA,NA,27.589,49.55,30.634,0.9699,0.8712,NA,NA,June,2,21.284733,-157.844885,3535.969267,0.42000145,0.25-0.5 m
6/4/19 11:04,6/4/19,11:04:00,1559682240,1,21.2864,-157.8427,27.4633,5.3130415,33.21585,0.20695,1.3995,0.65555,13.05527825,NA,NA,NA,NA,27.506,50.5595,31.3885,0.9272,1.1253,100.73,7.94832,June,2,21.28471,-157.84492,3540.300289,0.2038784,0-0.25 m
6/4/19 11:05,6/4/19,11:05:00,1559682300,1,21.2864,-157.8427,27.46275,5.31299225,33.215925,0.208175,1.41175,0.661175,13.16730013,NA,NA,NA,NA,27.742,48.141,29.565,1.0675,0.726,95.917,7.534944,June,2,21.28484,-157.844875,3530.534111,0.24957185,0-0.25 m
6/4/19 11:06,6/4/19,11:06:00,1559682360,1,21.2864,-157.8427,27.4622,5.312943,33.216,0.2094,1.424,0.6668,13.279322,NA,NA,NA,NA,27.73,48.335,29.705,1.0797,0.8349,98.44,7.741536,June,2,21.284842,-157.844873,3530.258794,0.3036275,0.25-0.5 m
6/4/19 11:07,6/4/19,11:07:00,1559682420,1,21.2864,-157.8427,27.4705,5.31259425,33.20765,0.2091,1.421,0.6469,12.8830135,NA,NA,NA,NA,NA,NA,NA,NA,NA,96.977,7.620512,June,2,21.284848,-157.84492,3534.539428,NA,NA
6/4/19 11:08,6/4/19,11:08:00,1559682480,1,21.2864,-157.8427,27.4788,5.3122455,33.1993,0.2088,1.418,0.627,12.486705,NA,NA,NA,NA,28.081,47.4635,28.8915,1.2749,0.6292,NA,NA,June,2,21.28494,-157.844758,3515.144949,0.2433002,0-0.25 m
6/4/19 11:09,6/4/19,11:09:00,1559682540,1,21.2864,-157.8427,27.4871,5.31189675,33.19095,0.2085,1.415,0.6071,12.0903965,NA,NA,NA,NA,27.762,50.088,30.8925,0.9943,0.8954,99.836,7.855424,June,2,21.28475,-157.844793,3526.42387,0.23563485,0-0.25 m
8/31/19 12:12,8/31/19,12:12:00,1567289520,1,21.2864,-157.8427,28.886125,5.4820845,33.385825,0.307925,2.40925,4.30535,85.74104525,NA,NA,NA,NA,29.331,55.309,33.409,5.9536,0.0363,74.553,5.778304,August,3,21.287677,-157.84074,3027.616782,1.6642769,1.5-1.75 m
8/31/19 12:13,8/31/19,12:13:00,1567289580,1,21.2864,-157.8427,28.8885,5.482484,33.3869,0.3056,2.386,4.8752,97.089608,NA,NA,NA,NA,28.507,55.204,33.917,5.9475,0.0363,59.415,4.639712,August,3,21.287688,-157.84075,3028.401787,3.10367035,3-3.25 m
8/31/19 12:14,8/31/19,12:14:00,1567289640,1,21.2864,-157.8427,28.8879,5.48174325,33.38225,0.31755,2.5055,4.195,83.543425,NA,NA,NA,NA,28.3245,55.1475,34.009,5.9719,0.0484,NA,NA,August,3,21.28771,-157.840682,3021.01304,3.239307225,3-3.25 m
8/31/19 12:15,8/31/19,12:15:00,1567289700,1,21.2864,-157.8427,28.8873,5.4810025,33.3776,0.3295,2.625,3.5148,69.997242,NA,NA,NA,NA,28.2595,55.164,34.0675,5.9841,0.0484,56.916,4.44432,August,3,21.287718,-157.84061,3013.51087,3.2391579,3-3.25 m
8/31/19 12:16,8/31/19,12:16:00,1567289760,1,21.2864,-157.8427,28.8867,5.48026175,33.37295,0.34145,2.7445,2.8346,56.451059,NA,NA,NA,NA,28.309,55.2465,34.0895,5.9963,0.0605,61.122,4.766848,August,3,21.28771,-157.840575,3010.115668,3.23049705,3-3.25 m
8/31/19 12:17,8/31/19,12:17:00,1567289820,1,21.2864,-157.8427,28.8861,5.479521,33.3683,0.3534,2.864,2.1544,42.904876,NA,NA,NA,NA,28.7975,50.565,30.5485,NA,NA,73.879,5.65344,August,3,21.287733,-157.840563,3008.408642,0.69456035,0.5-0.75 m
8/31/19 12:18,8/31/19,12:18:00,1567289880,1,21.2864,-157.8427,28.888325,5.47957475,33.367125,0.3378,2.708,2.8373,56.5048295,NA,NA,NA,NA,28.822,53.797,32.7295,6.0573,0.0605,72.076,5.575744,August,3,21.287737,-157.840543,3006.287451,1.1077924,1-1.25 m
8/31/19 12:19,8/31/19,12:19:00,1567289940,1,21.2864,-157.8427,28.89055,5.4796285,33.36595,0.3222,2.552,3.5202,70.104783,NA,NA,NA,NA,28.854,54.247,33.016,6.0878,0.0605,NA,NA,August,3,21.28773,-157.84051,3003.073091,1.09136665,1-1.25 m
8/31/19 12:20,8/31/19,12:20:00,1567290000,1,21.2864,-157.8427,28.892775,5.47968225,33.364775,0.3066,2.396,4.2031,83.7047365,NA,NA,NA,NA,28.957,54.03,32.796,6.1488,0.0363,72.665,5.590336,August,3,21.287713,-157.840557,3008.219221,1.0773301,1-1.25 m
8/31/19 12:21,8/31/19,12:21:00,1567290060,1,21.2864,-157.8427,28.895,5.479736,33.3636,0.291,2.24,4.886,97.30469,NA,NA,NA,NA,29.457,50.401,30.022,6.1305,0.0605,79.812,6.075424,August,3,21.28771,-157.840525,3005.025624,0.20795995,0-0.25 m
8/31/19 12:22,8/31/19,12:22:00,1567290120,1,21.2864,-157.8427,28.89805,5.47772425,33.3477,0.299075,2.32075,4.885325,97.29124738,NA,NA,NA,NA,29.762,50.339,29.792,6.1488,0.0484,84.515,6.414688,August,3,21.287737,-157.840545,3006.491213,0.193127,0-0.25 m
8/31/19 12:23,8/31/19,12:23:00,1567290180,1,21.2864,-157.8427,28.9011,5.4757125,33.3318,0.30715,2.4015,4.88465,97.27780475,NA,NA,NA,NA,29.765,50.379,29.817,6.1488,0.0605,84.296,6.406944,August,3,21.287732,-157.84059,3011.180405,0.19900045,0-0.25 m
8/31/19 12:57,8/31/19,12:57:00,1567292220,1,21.2864,-157.8427,28.8924,5.482188,33.3822,0.2836,2.166,4.8987,97.5576105,NA,NA,NA,NA,29.3775,55.517,33.5175,3.1415,0.0242,96.737,7.47824,August,2.5,21.286217,-157.844328,3427.508515,2.06994315,2-2.25 m
8/31/19 13:03,8/31/19,13:03:00,1567292580,1,21.2864,-157.8427,28.92495,5.4774925,33.3273,0.26525,1.9825,4.8917,97.4182055,NA,NA,NA,NA,29.707,55.589,33.337,3.05,0.0242,NA,NA,August,2,21.284087,-157.845035,3579.114127,0.8471705,0.75-1 m
8/31/19 13:04,8/31/19,13:04:00,1567292640,1,21.2864,-157.8427,28.935675,5.47603525,33.30985,0.251775,1.84775,4.89105,97.40526075,NA,NA,NA,NA,28.373,55.2615,34.0535,2.9707,0.0242,90.946,7.110816,August,2,21.284017,-157.845098,3588.340966,6.469107425,4-13 m
8/31/19 13:05,8/31/19,13:05:00,1567292700,1,21.2864,-157.8427,28.9464,5.474578,33.2924,0.2383,1.713,4.8904,97.392316,NA,NA,NA,NA,28.153,55.258,34.21,2.9707,0.0242,81.299,6.365472,August,2,21.283982,-157.845072,3587.571869,7.530609075,4-13 m
8/31/19 13:06,8/31/19,13:06:00,1567292760,1,21.2864,-157.8427,28.963925,5.475911,33.2893,0.249625,1.82625,4.619325,91.99385738,NA,NA,NA,NA,28.103,55.281,34.262,2.9768,0.0242,79.824,6.249024,August,2,21.28389,-157.84507,3591.820307,7.49282985,4-13 m
8/31/19 13:07,8/31/19,13:07:00,1567292820,1,21.2864,-157.8427,28.98145,5.477244,33.2862,0.26095,1.9395,4.34825,86.59539875,NA,NA,NA,NA,28.0805,55.2405,34.2505,NA,NA,76.245,5.969696,August,2,21.283835,-157.84507,3594.503835,7.44345305,4-13 m
8/31/19 13:08,8/31/19,13:08:00,1567292880,1,21.2864,-157.8427,28.998975,5.478577,33.2831,0.272275,2.05275,4.077175,81.19694013,NA,NA,NA,NA,NA,NA,NA,2.989,0.0242,76.787,6.01024,August,2,21.283845,-157.84512,3598.674701,7.74210305,4-13 m
8/31/19 13:09,8/31/19,13:09:00,1567292940,1,21.2864,-157.8427,29.0165,5.47991,33.28,0.2836,2.166,3.8061,75.7984815,NA,NA,NA,NA,28.064,55.2275,34.253,2.9768,0.0242,71.092,5.56512,August,2,21.283778,-157.845163,3605.959531,6.3405386,4-13 m
8/31/19 13:10,8/31/19,13:10:00,1567293000,1,21.2864,-157.8427,29.030975,5.4851685,33.305825,0.28545,2.1845,4.077525,81.20391038,NA,NA,NA,NA,28.4195,55.6795,34.3095,NA,NA,89.65,6.94544,August,2,21.283588,-157.845175,3616.539129,1.556962,1.5-1.75 m
8/31/19 13:11,8/31/19,13:11:00,1567293060,1,21.2864,-157.8427,29.04545,5.490427,33.33165,0.2873,2.203,4.34895,86.60933925,NA,NA,NA,NA,29.518,53.117,31.801,3.0378,0.0242,NA,NA,August,2,21.283817,-157.845133,3601.253887,0.1606737,0-0.25 m
8/31/19 13:12,8/31/19,13:12:00,1567293120,1,21.2864,-157.8427,29.059925,5.4956855,33.357475,0.28915,2.2215,4.620375,92.01476813,NA,NA,NA,NA,29.692,52.923,31.556,3.1781,0.0242,86.56,6.573472,August,2,21.284318,-157.844973,3562.568522,0.2034802,0-0.25 m
8/31/19 13:13,8/31/19,13:13:00,1567293180,1,21.2864,-157.8427,29.0744,5.500944,33.3833,0.291,2.24,4.8918,97.420197,NA,NA,NA,NA,29.51,55.704,33.552,3.1781,0.0242,98.353,7.559712,August,2,21.284527,-157.8449,3546.286576,1.29245765,1.25-1.5 m
8/31/19 13:14,8/31/19,13:14:00,1567293240,1,21.2864,-157.8427,29.078325,5.50098,33.3808,0.2806,2.136,4.8923,97.4301545,NA,NA,NA,NA,29.06,55.763,33.908,NA,NA,106.886,8.23728,August,2,21.284365,-157.844965,3559.681771,1.3108744,1.25-1.5 m
8/31/19 13:15,8/31/19,13:15:00,1567293300,1,21.2864,-157.8427,29.08225,5.501016,33.3783,0.2702,2.032,4.8928,97.440112,NA,NA,NA,NA,28.99,55.737,33.941,3.1415,0.0242,107.921,8.316448,August,2,21.28421,-157.845057,3575.45425,1.160753,1-1.25 m
8/31/19 13:16,8/31/19,13:16:00,1567293360,1,21.2864,-157.8427,29.086175,5.501052,33.3758,0.2598,1.928,4.8933,97.4500695,NA,NA,NA,NA,29.362,55.219,33.326,NA,NA,103.333,7.942528,August,2,21.284015,-157.845123,3590.781743,0.87175935,0.75-1 m
8/31/19 13:17,8/31/19,13:17:00,1567293420,1,21.2864,-157.8427,29.0901,5.501088,33.3733,0.2494,1.824,4.8938,97.460027,NA,NA,NA,NA,29.3425,53.1155,31.916,3.1293,0.0242,100.962,7.683968,August,2,21.283827,-157.845178,3604.961042,0.29516575,0.25-0.5 m
8/31/19 13:18,8/31/19,13:18:00,1567293480,1,21.2864,-157.8427,29.101775,5.502354,33.3738,0.260725,1.93725,4.8923,97.4301545,NA,NA,NA,NA,29.6595,53.236,31.7875,3.1354,0.0242,89.726,6.821376,August,2,21.283952,-157.845105,3592.098839,0.161271,0-0.25 m
8/31/19 13:19,8/31/19,13:19:00,1567293540,1,21.2864,-157.8427,29.11345,5.50362,33.3743,0.27205,2.0505,4.8908,97.400282,NA,NA,NA,NA,29.725,53.068,31.632,3.1171,0.0242,87.85,6.672736,August,2,21.284342,-157.845025,3566.409007,0.215675075,0-0.25 m
8/31/19 13:20,8/31/19,13:20:00,1567293600,1,21.2864,-157.8427,29.125125,5.504886,33.3748,0.283375,2.16375,4.8893,97.3704095,NA,NA,NA,NA,29.739,53.327,31.797,NA,NA,88.64,6.740224,August,2,21.284228,-157.84505,3573.964953,0.2689841,0.25-0.5 m
8/31/19 13:21,8/31/19,13:21:00,1567293660,1,21.2864,-157.8427,29.1368,5.506152,33.3753,0.2947,2.277,4.8878,97.340537,NA,NA,NA,NA,29.745,53.277,31.758,3.4099,0.0363,88.464,6.72048,August,2,21.284185,-157.845085,3579.250623,0.18088235,0-0.25 m
8/31/19 13:22,8/31/19,13:22:00,1567293720,1,21.2864,-157.8427,29.139775,5.50683825,33.3779,0.28765,2.2065,4.8869,97.3226135,NA,NA,NA,NA,29.6915,53.76,32.118,3.2147,0.0242,NA,NA,August,2,21.284028,-157.845128,3590.635651,0.16794085,0-0.25 m
8/31/19 13:23,8/31/19,13:23:00,1567293780,1,21.2864,-157.8427,29.14275,5.5075245,33.3805,0.2806,2.136,4.886,97.30469,NA,NA,NA,NA,29.656,53.6665,32.0785,3.2574,0.0242,93.007,7.086112,August,2,21.283823,-157.845125,3600.21499,0.13528845,0-0.25 m
8/31/19 13:24,8/31/19,13:24:00,1567293840,1,21.2864,-157.8427,29.145725,5.50821075,33.3831,0.27355,2.0655,4.8851,97.2867665,NA,NA,NA,NA,29.6875,53.1705,31.7255,NA,NA,88.653,6.740352,August,2,21.28425,-157.845022,3570.309151,0.1688368,0-0.25 m
8/31/19 13:25,8/31/19,13:25:00,1567293900,1,21.2864,-157.8427,29.1487,5.508897,33.3857,0.2665,1.995,4.8842,97.268843,NA,NA,NA,NA,29.715,53.349,31.826,3.5319,0.0242,87.502,6.657472,August,2,21.284395,-157.844912,3553.302841,0.1961135,0-0.25 m
8/31/19 13:26,8/31/19,13:26:00,1567293960,1,21.2864,-157.8427,29.147025,5.50862675,33.385025,0.268625,2.01625,4.8851,97.2867665,NA,NA,NA,NA,29.692,53.244,31.771,3.9162,0.0242,86.764,6.599424,August,2,21.284773,-157.844917,3537.361408,0.2853103,0.25-0.5 m
8/31/19 13:27,8/31/19,13:27:00,1567294020,1,21.2864,-157.8427,29.14535,5.5083565,33.38435,0.27075,2.0375,4.886,97.30469,NA,NA,NA,NA,NA,NA,NA,NA,NA,85.724,6.533952,August,2,21.284818,-157.84486,3530.002883,NA,NA
8/31/19 13:28,8/31/19,13:28:00,1567294080,1,21.2864,-157.8427,29.143675,5.50808625,33.383675,0.272875,2.05875,4.8869,97.3226135,NA,NA,NA,NA,NA,NA,NA,3.3245,0.0484,87.083,6.639392,August,2,21.284425,-157.845043,3564.406812,NA,NA
8/31/19 13:29,8/31/19,13:29:00,1567294140,1,21.2864,-157.8427,29.142,5.507816,33.383,0.275,2.08,4.8878,97.340537,NA,NA,NA,NA,NA,NA,NA,3.5868,0.0242,85.6,6.471648,August,2,21.283867,-157.844967,3583.343648,NA,NA
8/31/19 13:30,8/31/19,13:30:00,1567294200,1,21.2864,-157.8427,29.131625,5.5105985,33.40925,0.287075,2.20075,4.019775,80.05381913,NA,NA,NA,NA,NA,NA,NA,3.5685,0.0242,NA,NA,August,2,21.284532,-157.844892,3545.304397,NA,NA
8/31/19 13:31,8/31/19,13:31:00,1567294260,1,21.2864,-157.8427,29.12125,5.513381,33.4355,0.29915,2.3215,3.15175,62.76710125,NA,NA,NA,NA,29.7295,53.2525,31.752,3.0134,0.0242,84.915,6.45376,August,2,21.284865,-157.844828,3524.974206,0.36644355,0.25-0.5 m
9/29/19 9:04,9/29/19,9:04:00,1569783840,1,21.2864,-157.8427,29.2381,5.283605,31.796525,0.2902,2.232,0,0,NA,NA,NA,NA,28.57,54.267,33.227,NA,NA,86.726,6.709824,September,2,21.284738,-157.844747,3522.525335,2.19577435,2-2.25 m
9/29/19 9:05,9/29/19,9:05:00,1569783900,1,21.2864,-157.8427,29.2364,5.29148,31.85085,0.2962,2.292,0,0,NA,NA,NA,NA,28.671,54.407,33.252,NA,NA,86.365,6.684032,September,2,21.284687,-157.84477,3526.913043,3.05608545,3-3.25 m
9/29/19 9:06,9/29/19,9:06:00,1569783960,1,21.2864,-157.8427,29.2347,5.299355,31.905175,0.3022,2.352,0,0,NA,NA,NA,NA,28.7135,54.31,33.156,NA,NA,86.15,6.664928,September,2,21.284612,-157.84476,3529.211721,2.8990951,2.75-3 m
9/29/19 9:07,9/29/19,9:07:00,1569784020,1,21.2864,-157.8427,29.233,5.30723,31.9595,0.3082,2.412,0,0,NA,NA,NA,NA,28.731,54.356,33.175,NA,NA,86.101,6.666016,September,2,21.284552,-157.844793,3534.992544,2.7702774,2.75-3 m
9/29/19 9:08,9/29/19,9:08:00,1569784080,1,21.2864,-157.8427,29.234075,5.309685,31.975375,0.3052,2.382,0,0,NA,NA,NA,NA,28.789,52.165,31.639,NA,NA,85.576,6.611008,September,2,21.284463,-157.844807,3540.282618,0.75747595,0.75-1 m
9/29/19 9:09,9/29/19,9:09:00,1569784140,1,21.2864,-157.8427,29.23515,5.31214,31.99125,0.3022,2.352,0,0,NA,NA,NA,NA,28.789,50.757,30.684,NA,NA,84.255,6.516672,September,2,21.284352,-157.84486,3550.324583,0.6255722,0.5-0.75 m
9/29/19 9:10,9/29/19,9:10:00,1569784200,1,21.2864,-157.8427,29.236225,5.314595,32.007125,0.2992,2.322,0,0,NA,NA,NA,NA,28.614,49.885,30.205,NA,NA,81.525,6.329728,September,2,21.284318,-157.844897,3555.377179,0.349569825,0.25-0.5 m
9/29/19 9:11,9/29/19,9:11:00,1569784260,1,21.2864,-157.8427,29.2373,5.31705,32.023,0.2962,2.292,0,0,NA,NA,NA,NA,28.671,45.343,27.117,NA,NA,NA,NA,September,2,21.284267,-157.844997,3567.166801,0.427816125,0.25-0.5 m
9/29/19 9:47,9/29/19,9:47:00,1569786420,1,21.2864,-157.8427,29.2429,5.31269,31.9898,0.3288,2.618,0.068,1.35422,NA,NA,NA,NA,28.609,53.587,32.733,NA,NA,73.493,5.67328,September,3,21.287557,-157.840862,3042.672515,1.5264997,1.5-1.75 m
9/29/19 9:48,9/29/19,9:48:00,1569786480,1,21.2864,-157.8427,29.250875,5.3144925,31.996675,0.3288,2.618,0.07115,1.41695225,NA,NA,NA,NA,28.798,53.504,32.546,1.2078,1.7424,72.161,5.565216,September,3,21.287538,-157.840882,3045.139659,1.380708725,1.25-1.5 m
9/29/19 9:49,9/29/19,9:49:00,1569786540,1,21.2864,-157.8427,29.25885,5.316295,32.00355,0.3288,2.618,0.0743,1.4796845,NA,NA,NA,NA,28.8565,53.683,32.6285,1.0675,1.6214,NA,NA,September,3,21.287492,-157.840955,3053.618827,1.316200325,1.25-1.5 m
9/29/19 9:50,9/29/19,9:50:00,1569786600,1,21.2864,-157.8427,29.266825,5.3180975,32.010425,0.3288,2.618,0.07745,1.54241675,NA,NA,NA,NA,28.4995,45.1355,27.076,1.1346,2.6378,70.072,5.436096,September,3,21.287467,-157.841028,3061.60995,0.51775955,0.5-0.75 m
9/29/19 9:51,9/29/19,9:51:00,1569786660,1,21.2864,-157.8427,29.2748,5.3199,32.0173,0.3288,2.618,0.0806,1.605149,NA,NA,NA,NA,28.4805,45.4645,27.307,NA,NA,65.881,5.11664,September,3,21.287445,-157.841115,3070.949106,0.53249295,0.5-0.75 m
9/29/19 9:52,9/29/19,9:52:00,1569786720,1,21.2864,-157.8427,29.268975,5.3191825,32.016325,0.332075,2.65075,0.07805,1.55436575,NA,NA,NA,NA,28.156,33.718,19.7395,1.7141,2.6741,69.075,5.426912,September,3,21.2874,-157.841098,3070.31979,0.28680355,0.25-0.5 m
9/29/19 9:53,9/29/19,9:53:00,1569786780,1,21.2864,-157.8427,29.26315,5.318465,32.01535,0.33535,2.6835,0.0755,1.5035825,NA,NA,NA,NA,27.6345,31.4605,18.4895,1.7995,1.8271,76.055,6.014208,September,3,21.28758,-157.840792,3035.041067,0.1700314,0-0.25 m
9/29/19 9:54,9/29/19,9:54:00,1569786840,1,21.2864,-157.8427,29.257325,5.3177475,32.014375,0.338625,2.71625,0.07295,1.45279925,NA,NA,NA,NA,27.5015,28.5925,16.692,1.9947,1.573,74.939,5.938336,September,3,21.287635,-157.84083,3037.679754,0.20138965,0-0.25 m